use TPI_Supermercado
go

INSERT INTO Personas (DNI, Apellido, Nombre, Direccion, Email, Telefono, CUIT)
VALUES 
('12345678', 'Gómez', 'Laura', 'Av. Siempre Viva 123', 'laura.gomez@mail.com', '1122334455', '20-12345678-9'),
('87654321', 'Pérez', 'Juan', 'Calle Falsa 456', 'juan.perez@mail.com', '1133445566', NULL),
('11223344', 'Rodríguez', 'Ana', 'Mitre 789', 'ana.rod@mail.com', '1144556677', '27-11223344-5'),
('33445566', 'López', 'Carlos', 'Belgrano 321', 'carlos.lopez@mail.com', '1155667788', NULL),
('99887766', 'Martínez', 'Sofía', 'San Martín 654', 'sofia.martinez@mail.com', '1166778899', '23-99887766-1'),
('55667788', 'Fernández', 'Diego', 'Rivadavia 987', 'diego.fer@mail.com', '1177889900', NULL),
('66778899', 'García', 'Lucía', 'Lavalle 741', 'lucia.garcia@mail.com', '1188990011', '20-66778899-3'),
('77889900', 'Ramírez', 'Pedro', 'Moreno 852', 'pedro.ramirez@mail.com', '1199001122', NULL),
('88990011', 'Torres', 'María', 'Sarmiento 963', 'maria.torres@mail.com', '1100112233', '27-88990011-6'),
('99001122', 'Sánchez', 'Luis', 'Alsina 147', 'luis.sanchez@mail.com', '1111223344', NULL),
('10111213', 'Castro', 'Valeria', 'Urquiza 258', 'valeria.castro@mail.com', '1122334455', '23-10111213-0'),
('12131415', 'Molina', 'Esteban', 'Dorrego 369', 'esteban.molina@mail.com', '1133445566', NULL),
('13141516', 'Silva', 'Natalia', 'Pueyrredón 471', 'natalia.silva@mail.com', '1144556677', '20-13141516-2'),
('14151617', 'Ríos', 'Javier', 'Castelli 582', 'javier.rios@mail.com', '1155667788', NULL),
('15161718', 'Vega', 'Camila', 'French 693', 'camila.vega@mail.com', '1166778899', '27-15161718-4'),
('16171819', 'Ortiz', 'Martín', 'Saavedra 804', 'martin.ortiz@mail.com', '1177889900', NULL),
('17181920', 'Ruiz', 'Florencia', 'Alvear 915', 'florencia.ruiz@mail.com', '1188990011', '23-17181920-7'),
('18192021', 'Navarro', 'Federico', 'Junín 1026', 'federico.navarro@mail.com', '1199001122', NULL),
('19202122', 'Cabrera', 'Micaela', 'Santa Fe 1137', 'micaela.cabrera@mail.com', '1100112233', '20-19202122-9'),
('20212223', 'Aguilar', 'Tomás', 'Entre Ríos 1248', 'tomas.aguilar@mail.com', '1111223344', NULL);
go

INSERT INTO Proveedores (RazonSocial, CUIT, Telefono, Email, Direccion)
VALUES 
('Distribuidora Sur', '30-12345678-9', '1122334455', 'contacto@distsur.com', 'Av. Belgrano 100'),
('Alimentos Norte', '30-87654321-0', '1133445566', 'ventas@alnorte.com', 'Calle 25 de Mayo 200'),
('Frutas del Valle', '30-11223344-1', '1144556677', 'info@frutavalle.com', 'Ruta 3 km 45'),
('Lácteos La Granja', '30-33445566-2', '1155667788', 'contacto@lagranja.com', 'Camino Real 321'),
('Carnes Selectas', '30-99887766-3', '1166778899', 'ventas@cselectas.com', 'Av. Roca 654'),
('Panadería Central', '30-55667788-4', '1177889900', 'info@pancentral.com', 'Mitre 987'),
('Bebidas del Sur', '30-66778899-5', '1188990011', 'contacto@bebsur.com', 'Lavalle 741'),
('Verduras Frescas', '30-77889900-6', '1199001122', 'ventas@verdfresca.com', 'Moreno 852'),
('Aceites del Campo', '30-88990011-7', '1100112233', 'info@acecampo.com', 'Sarmiento 963'),
('Fideos La Pasta', '30-99001122-8', '1111223344', 'contacto@lapasta.com', 'Alsina 147'),
('Galletitas Dulces', '30-10111213-9', '1122334455', 'ventas@galletasdulces.com', 'Urquiza 258'),
('Productos Naturales', '30-12131415-0', '1133445566', 'info@prodnatural.com', 'Dorrego 369'),
('Congelados Express', '30-13141516-1', '1144556677', 'contacto@congexpress.com', 'Pueyrredón 471'),
('Limpieza Total', '30-14151617-2', '1155667788', 'ventas@limptotal.com', 'Castelli 582'),
('Higiene Hogar', '30-15161718-3', '1166778899', 'info@higienehogar.com', 'French 693'),
('Papelería Norte', '30-16171819-4', '1177889900', 'contacto@papnorte.com', 'Saavedra 804'),
('Electro Hogar', '30-17181920-5', '1188990011', 'ventas@electrohogar.com', 'Alvear 915'),
('Ferretería Central', '30-18192021-6', '1199001122', 'info@fercentral.com', 'Junín 1026'),
('Juguetes Felices', '30-19202122-7', '1100112233', 'contacto@juguetesfelices.com', 'Santa Fe 1137'),
('Textiles del Sur', '30-20212223-8', '1111223344', 'ventas@textilessur.com', 'Entre Ríos 1248');
go
INSERT INTO Cargos (Nombre)
VALUES 
('Cajero'),
('Repositor'),
('Gerente'),
('Encargado de compras'),
('Encargado de ventas'),
('Supervisor'),
('Administrativo'),
('Contador'),
('Auxiliar de limpieza'),
('Seguridad'),
('Recepcionista'),
('Analista de stock'),
('Encargado de depósito'),
('Auxiliar administrativo'),
('Jefe de personal'),
('Encargado de caja'),
('Encargado de facturación'),
('Auxiliar de ventas'),
('Encargado de atención al cliente'),
('Encargado de proveedores');
go
INSERT INTO Categorias (Nombre, Descripcion)
VALUES 
('Lácteos', 'Productos derivados de la leche'),
('Carnes', 'Carne vacuna, pollo, cerdo'),
('Panadería', NULL),
('Bebidas', 'Con y sin alcohol'),
('Verduras', 'Frescas y congeladas'),
('Aceites', NULL),
('Pastas', 'Secas y frescas'),
('Galletitas', 'Dulces y saladas'),
('Naturales', 'Orgánicos y sin TACC'),
('Congelados', 'Listos para cocinar'),
('Limpieza', 'Hogar y ropa'),
('Higiene', NULL),
('Papelería', 'Útiles escolares y oficina'),
('Electrodomésticos', 'Pequeños y grandes'),
('Ferretería', NULL),
('Juguetería', 'Para todas las edades'),
('Textiles', 'Ropa y accesorios'),
('Mascotas', 'Alimentos y juguetes'),
('Perfumería', NULL),
('Bazar', 'Utensilios de cocina y hogar');

go
INSERT INTO TiposMovimientos (Descripcion)
VALUES 
('Compra'),
('Venta'),
('Devolución de cliente'),
('Devolución a proveedor'),
('Ajuste de inventario positivo'),
('Ajuste de inventario negativo'),
('Transferencia entre sucursales'),
('Donación'),
('Rotura'),
('Vencimiento'),
('Promoción'),
('Cambio de presentación'),
('Bonificación'),
('Recupero'),
('Reingreso por error'),
('Muestra gratis'),
('Inventario inicial'),
('Inventario final'),
('Reubicación'),
('Reclasificación');
go
INSERT INTO TiposFacturas (Descripcion)
VALUES 
('Factura A'),
('Factura B'),
('Factura C'),
('Nota de crédito A'),
('Nota de crédito B'),
('Nota de crédito C'),
('Nota de débito A'),
('Nota de débito B'),
('Nota de débito C'),
('Recibo'),
('Presupuesto'),
('Ticket'),
('Factura M'),
('Factura E'),
('Factura X'),
('Remito'),
('Factura electrónica'),
('Factura consumidor final'),
('Factura exportación'),
('Factura servicios');
go
INSERT INTO FormasPagos (Nombre)
VALUES 
('Efectivo'),
('Tarjeta de crédito'),
('Tarjeta de débito'),
('Transferencia bancaria'),
('Mercado Pago'),
('Cheque'),
('Cuenta corriente'),
('Crédito proveedor'),
('Vale interno'),
('Pago mixto'),
('Pago en cuotas'),
('Débito automático'),
('Pago online'),
('Pago contra entrega'),
('Criptomonedas'),
('Pago por QR'),
('Pago en caja'),
('Pago en sucursal'),
('Pago anticipado'),
('Pago diferido');
go
INSERT INTO Clientes (IDPersona, FranjaHoraria)
VALUES 
(1, 'Mañana'),
(2, 'Tarde'),
(3, 'Noche'),
(4, NULL),
(5, 'Mañana'),
(6, 'Tarde'),
(7, NULL),
(8, 'Noche'),
(9, 'Mañana'),
(10, 'Tarde'),
(11, NULL),
(12, 'Noche'),
(13, 'Mañana'),
(14, 'Tarde'),
(15, NULL),
(16, 'Noche'),
(17, 'Mañana'),
(18, 'Tarde'),
(19, NULL),
(20, 'Noche');
go
INSERT INTO Empleados (IDCargo, IDPersona, Antiguedad, Sueldo)
VALUES 
(1, 1, 2, 150000),
(2, 2, 1, 120000),
(3, 3, 5, 200000),
(4, 4, 3, 180000),
(5, 5, 4, 170000),
(6, 6, 2, 130000),
(7, 7, 6, 160000),
(8, 8, 7, 140000),
(9, 9, 1, 125000),
(10, 10, 8, 135000),
(11, 11, 2, 145000),
(12, 12, 3, 155000),
(13, 13, 4, 165000),
(14, 14, 5, 175000),
(15, 15, 6, 185000),
(16, 16, 1, 195000),
(17, 17, 2, 205000),
(18, 18, 3, 215000),
(19, 19, 4, 225000),
(20, 20, 5, 235000);

go
INSERT INTO PagoSueldos (IDEmpleado, Periodo, MontoPagado, MetodoPago)
VALUES 
(1, '2025-10', 150000, 'Transferencia'),
(2, '2025-10', 120000, 'Efectivo'),
(3, '2025-10', 200000, 'Cheque'),
(4, '2025-10', 180000, 'Transferencia'),
(5, '2025-10', 170000, 'Mercado Pago'),
(6, '2025-10', 130000, 'Efectivo'),
(7, '2025-10', 160000, 'Transferencia'),
(8, '2025-10', 140000, 'Cheque'),
(9, '2025-10', 125000, 'Transferencia'),
(10, '2025-10', 135000, 'Mercado Pago'),
(11, '2025-10', 145000, 'Efectivo'),
(12, '2025-10', 155000, 'Transferencia'),
(13, '2025-10', 165000, 'Cheque'),
(14, '2025-10', 175000, 'Transferencia'),
(15, '2025-10', 185000, 'Mercado Pago'),
(16, '2025-10', 195000, 'Efectivo'),
(17, '2025-10', 205000, 'Transferencia'),
(18, '2025-10', 215000, 'Cheque'),
(19, '2025-10', 225000, 'Transferencia'),
(20, '2025-10', 235000, 'Mercado Pago');
go
INSERT INTO Articulos (Nombre, Descripcion, Precio, Stock, IDCategoria)
VALUES 
('Leche entera', '1L', 350, 100, 1),
('Yogur natural', NULL, 280, 80, 1),
('Carne vacuna', '1kg', 1200, 50, 2),
('Pollo entero', NULL, 950, 60, 2),
('Pan francés', 'Unidad', 150, 200, 3),
('Coca-Cola 2L', NULL, 600, 90, 4),
('Tomate', '1kg', 400, 70, 5),
('Aceite girasol', NULL, 750, 40, 6),
('Fideos secos', '500g', 300, 120, 7),
('Galletitas dulces', NULL, 250, 150, 8),
('Arroz integral', '1kg', 500, 60, 9),
('Hamburguesas congeladas', NULL, 800, 30, 10),
('Detergente', '500ml', 450, 100, 11),
('Shampoo', NULL, 700, 80, 12),
('Cuaderno A4', '100 hojas', 350, 90, 13),
('Pava eléctrica', NULL, 4500, 20, 14),
('Martillo', 'Acero', 1200, 25, 15),
('Muñeca articulada', NULL, 1500, 40, 16),
('Toalla de baño', 'Grande', 900, 60, 17),
('Perfume floral', NULL, 1800, 35, 19);
go

INSERT INTO Compras (IDProveedor, IDTipoFactura, NumComprobante, Descuentos, Subtotal, Total, Observaciones, CondicionIVA, IIBB, IDEmpleado, IDFormaPago)
VALUES 
(1, 1, 1001, 100, 5000, 4900, NULL, 'Responsable Inscripto', 'Exento', 1, 1),
(2, 2, 1002, 200, 6000, 5800, 'Compra mensual', 'Monotributo', 'No aplica', 2, 2),
(3, 3, 1003, 150, 4500, 4350, NULL, 'Exento', 'No aplica', 3, 3),
(4, 4, 1004, 300, 7000, 6700, 'Stock inicial', 'Responsable Inscripto', 'Exento', 4, 4),
(5, 5, 1005, 250, 8000, 7750, NULL, 'Monotributo', 'No aplica', 5, 5),
(6, 6, 1006, 100, 4000, 3900, 'Compra urgente', 'Exento', 'No aplica', 6, 6),
(7, 7, 1007, 180, 5200, 5020, NULL, 'Responsable Inscripto', 'Exento', 7, 7),
(8, 8, 1008, 220, 6100, 5880, NULL, 'Monotributo', 'No aplica', 8, 8),
(9, 9, 1009, 130, 4700, 4570, 'Compra por promoción', 'Exento', 'No aplica', 9, 9),
(10, 10, 1010, 170, 5600, 5430, NULL, 'Responsable Inscripto', 'Exento', 10, 10),
(11, 11, 1011, 190, 5900, 5710, NULL, 'Monotributo', 'No aplica', 11, 11),
(12, 12, 1012, 160, 4800, 4640, NULL, 'Exento', 'No aplica', 12, 12),
(13, 13, 1013, 140, 4600, 4460, NULL, 'Responsable Inscripto', 'Exento', 13, 13),
(14, 14, 1014, 210, 6300, 6090, NULL, 'Monotributo', 'No aplica', 14, 14),
(15, 15, 1015, 120, 4400, 4280, NULL, 'Exento', 'No aplica', 15, 15),
(16, 16, 1016, 200, 6000, 5800, NULL, 'Responsable Inscripto', 'Exento', 16, 16),
(17, 17, 1017, 180, 5200, 5020, NULL, 'Monotributo', 'No aplica', 17, 17),
(18, 18, 1018, 160, 4800, 4640, NULL, 'Exento', 'No aplica', 18, 18),
(19, 19, 1019, 140, 4600, 4460, NULL, 'Responsable Inscripto', 'Exento', 19, 19),
(20, 20, 1020, 220, 6100, 5880, NULL, 'Monotributo', 'No aplica', 20, 20);
go

INSERT INTO ComprasDetalles (IDArticulo, IDCompra, Cantidad, PrecioUnitario)
VALUES 
(1, 1, 50, 300),
(2, 2, 40, 250),
(3, 3, 20, 1100),
(4, 4, 30, 850),
(5, 5, 100, 120),
(6, 6, 60, 500),
(7, 7, 35, 350),
(8, 8, 25, 700),
(9, 9, 80, 250),
(10, 10, 90, 200),
(11, 11, 40, 450),
(12, 12, 20, 700),
(13, 13, 70, 400),
(14, 14, 50, 600),
(15, 15, 60, 300),
(16, 16, 10, 4000),
(17, 17, 15, 1000),
(18, 18, 30, 1300),
(19, 19, 40, 800),
(20, 20, 25, 1600);
go
INSERT INTO Ventas (IDCliente, IDTipoFactura, NumComprobante, Descuentos, Subtotal, Total, Observaciones, CondicionIVA, IIBB, IDEmpleado, IDFormaPago)
VALUES 
(1, 1, 2001, 50, 1000, 950, NULL, 'Consumidor Final', 'No aplica', 1, 1),
(2, 2, 2002, 60, 1200, 1140, 'Venta rápida', 'Monotributo', 'No aplica', 2, 2),
(3, 3, 2003, 70, 1400, 1330, NULL, 'Exento', 'No aplica', 3, 3),
(4, 4, 2004, 80, 1600, 1520, NULL, 'Responsable Inscripto', 'Exento', 4, 4),
(5, 5, 2005, 90, 1800, 1710, NULL, 'Monotributo', 'No aplica', 5, 5),
(6, 6, 2006, 100, 2000, 1900, NULL, 'Exento', 'No aplica', 6, 6),
(7, 7, 2007, 110, 2200, 2090, NULL, 'Responsable Inscripto', 'Exento', 7, 7),
(8, 8, 2008, 120, 2400, 2280, NULL, 'Monotributo', 'No aplica', 8, 8),
(9, 9, 2009, 130, 2600, 2470, NULL, 'Exento', 'No aplica', 9, 9),
(10, 10, 2010, 140, 2800, 2660, NULL, 'Responsable Inscripto', 'Exento', 10, 10),
(11, 11, 2011, 150, 3000, 2850, NULL, 'Monotributo', 'No aplica', 11, 11),
(12, 12, 2012, 160, 3200, 3040, NULL, 'Exento', 'No aplica', 12, 12),
(13, 13, 2013, 170, 3400, 3230, NULL, 'Responsable Inscripto', 'Exento', 13, 13),
(14, 14, 2014, 160, 3200, 3040, NULL, 'Exento', 'No aplica', 14, 14),
(15, 15, 2015, 140, 2800, 2660, NULL, 'Responsable Inscripto', 'Exento', 15, 15),
(16, 16, 2016, 130, 2600, 2470, NULL, 'Monotributo', 'No aplica', 16, 16),
(17, 17, 2017, 120, 2400, 2280, NULL, 'Exento', 'No aplica', 17, 17),
(18, 18, 2018, 110, 2200, 2090, NULL, 'Responsable Inscripto', 'Exento', 18, 18),
(19, 19, 2019, 100, 2000, 1900, NULL, 'Monotributo', 'No aplica', 19, 19),
(20, 20, 2020, 90, 1800, 1710, NULL, 'Exento', 'No aplica', 20, 20);

go
INSERT INTO VentasDetalles (IDArticulo, IDVenta, Cantidad, PrecioUnitario)
VALUES 
(1, 1, 2, 350),
(2, 2, 1, 280),
(3, 3, 1, 1200),
(4, 4, 2, 950),
(5, 5, 3, 150),
(6, 6, 1, 600),
(7, 7, 2, 400),
(8, 8, 1, 750),
(9, 9, 2, 300),
(10, 10, 3, 250),
(11, 11, 1, 500),
(12, 12, 2, 800),
(13, 13, 1, 450),
(14, 14, 2, 700),
(15, 15, 3, 350),
(16, 16, 1, 4500),
(17, 17, 1, 1200),
(18, 18, 2, 1500),
(19, 19, 2, 900),
(20, 20, 1, 1800);